processed_weeks,consistency_rate,fan_share_mean,fan_share_std,fan_share_min,fan_share_max
221,0.9923371647509579,0.12063377745768811,0.07661553082074916,0.0,0.6666666666666666
