match_rate,overlap,fan_align_conflict,judge_align_conflict,rule
1.0,1.0,1.0,0.006896551724137931,fsh
0.9649805447470817,0.9688715953307393,0.9655172413793104,0.006896551724137931,dual
1.0,1.0,1.0,0.006896551724137931,fix
0.9883268482490273,0.9909208819714656,0.993103448275862,0.013793103448275862,rank
1.0,1.0,1.0,0.006896551724137931,pct
