model,r2
judge_share_logit,0.8097415152131
fan_vote_share_logit,0.09466952250816563
