metric,value
sign_agree,0.6538461538461539
coef_corr,0.41599102819385936
