model,r2
judge_total,0.34674689818893356
fan_vote_share,0.16174755970477983
