model,r2
judge_total,0.3761981453197655
fan_vote_share,0.193519500205657
