model,r2
judge_share_logit,0.8095755346021207
fan_vote_share_logit,0.09900096162512262
